foto1.jpg,MIV792,FBS997,
foto2.jpg,FBS997,DLW295,
foto3.jpg,FHA404,,
foto4.jpg,LAL700,MNL864,
foto5.jpg,MNL864,MOL514,
foto6.jpg,MOL514,EKO157,DHO284
foto7.jpg,EKO157,IAQ016,
foto8.jpg,MNE643,,
foto9.jpg,MSP253,,
foto10.jpg,HXY367,,
foto11.jpg,BZT613,NFG502,FAT904
foto12.jpg,GXN394,MFW294,
foto13.jpg,NFG502,,
foto14.jpg,MVV245,DHZ174,
foto15.jpg,ML3614,IUA623,
foto16.jpg,FGH847,,
foto17.jpg,MMW015,,
foto18.jpg,KMT806,,
foto19.jpg,KHN106,,
foto20.jpg,IAO855,FGO357,
foto21.jpg,DJN766,KAO344,
foto22.jpg,KBQ643,FHN374,
foto23.jpg,MOO866,TMX969,
foto24.jpg,KAI816,DRF004,
foto25.jpg,TMX969,HXW133,
foto26.jpg,FGV915,MVW162,
foto27.jpg,MOL666,KBP516,DFW285
foto28.jpg,EWR536,IAO515,
foto29.jpg,MVV827,MNT754,
foto30.jpg,BXR307,MTV784,LAK236
fotoPlaca30.jpg,PKL7730,,
fotoPlaca31.jpg,AXX6704,,
fotoPlaca32.jpg,AZN0C66,,
fotoPlaca33.jpg,GGF6290,FEK6156,
fotoPlaca34.jpg,KEX8238,,
fotoPlaca35.jpg,LZB9466,,
fotoPlaca36.jpg,OJR1317,,
fotoPlaca37.jpg,FJS0D45,,
fotoPlaca38.jpg,DRF6436,,
fotoPlaca39.jpg,BBT5192,,
fotoPlaca40.jpg,ONK6907,,
fotoPlaca41.jpg,PWT4264,,
fotoPlaca42.jpg,EVV8753,,
fotoPlaca43.jpg,BDU4H49,,
fotoPlaca44.jpg,CGE8186,,
fotoPlaca45.jpg,AAO1168,,
fotoPlaca46.jpg,CCT5862,,
fotoPlaca47.jpg,NLM8374,,
fotoPlaca48.jpg,BDE6J06,,
fotoPlaca49.jpg,KZP3586,,
fotoPlaca50.jpg,CTK9G27,,
fotoPlaca51.jpg,PKL7730,,
fotoPlaca52.jpg,BVZ5G00,,
fotoPlaca53.jpg,BE19173,,
fotoPlaca54.jpg,AWA8563,,
fotoPlaca55.jpg,FMF2545,,
fotoPlaca56.jpg,NLO2I92,,
fotoPlaca57.jpg,HHY9721,,
fotoPlaca58.jpg,GEQ8C53,,
fotoPlaca59.jpg,Q154684,,
fotoPlaca60.jpg,FRU2967,,
fotoPlaca61.jpg,JEQ2201,,
fotoPlaca62.jpg,PXA7615,,
fotoPlaca63.jpg,A2C9A53,,
fotoPlaca64.jpg,ANR7427,,
fotoPlaca65.jpg,CAI4935,,
fotoPlaca66.jpg,PZV2190,,
fotoPlaca67.jpg,BCC2152,,
fotoPlaca68.jpg,EPK1H65,,
fotoPlaca69.jpg,IBFGA30,,
fotoPlaca70.jpg,PGP5173,,
fotoPlaca71.jpg,RFB8A59,,
fotoPlaca72.jpg,EZD9283,,
fotoPlaca73.jpg,BBM0841,,
fotoPlaca75.jpg,GWH7815,,
fotoPlaca76.jpg,AUL1G66,,
fotoPlaca77.jpg,AEV3887,,
fotoPlaca78.jpg,HVH5C36,,
fotoPlaca79.jpg,BCC2C09,,
fotoPlaca80.jpg,RFQ2H69,,
fotoPlaca81.jpg,FTR1H81,,
fotoPlaca82.jpg,QIQ8781,,
fotoPlaca83.jpg,PMH3550,,
fotoPlaca84.jpg,RFB4D54,,
fotoPlaca85.jpg,CVW1E90,EXR5121,
fotoPlaca86.jpg,GIS0747,,
fotoPlaca87.jpg,MLY0C20,,
fotoPlaca88.jpg,AUB5038,,
fotoPlaca89.jpg,FFH4717,,
fotoPlaca90.jpg,QHC3333,,
fotoPlaca91.jpg,RBE7F11,,
fotoPlaca92.jpg,CQG5923,,
fotoPlaca93.jpg,BBL0474,,
fotoPlaca95.jpg,JPB6898,,
fotoPlaca96.jpg,BEB7D24,,
fotoPlaca97.jpg,AKI5J19,,
fotoPlaca98.jpg,JIQ7197,,
fotoPlaca99.jpg,BRD5750,,
fotoPlaca100.jpg,ANM5362,,
fotoPlaca101.jpg,DAX5E81,,
